epoch,step,test_acc,test_auc,test_f1,test_loss
0,0,0.6134652495384216,0.6675606966018677,0.6281991600990295,0.637153685092926
